{"stats":{"minecraft:picked_up":{"minecraft:feather":4,"minecraft:chicken":2,"minecraft:leather":4,"minecraft:oak_log":4,"minecraft:dirt":16,"minecraft:stone_sword":1,"minecraft:stone_shovel":1,"minecraft:stone_axe":1,"minecraft:beef":7,"minecraft:stone_pickaxe":1,"minecraft:black_wool":1,"minecraft:mutton":2,"minecraft:white_wool":1,"minecraft:cobblestone":17,"minecraft:oxeye_daisy":10},"minecraft:killed":{"minecraft:sheep":2,"minecraft:chicken":1,"minecraft:cow":3},"minecraft:mined":{"minecraft:fire":6,"minecraft:birch_leaves":1,"minecraft:grass":2,"minecraft:grass_block":4,"minecraft:oak_log":4,"minecraft:rose_bush":1,"minecraft:dirt":12,"minecraft:stone":17,"minecraft:oxeye_daisy":9,"minecraft:oak_leaves":13},"minecraft:custom":{"minecraft:time_since_rest":18829,"minecraft:interact_with_furnace":1,"minecraft:sprint_one_cm":58563,"minecraft:damage_taken":350,"minecraft:walk_one_cm":38244,"minecraft:mob_kills":6,"minecraft:damage_dealt":660,"minecraft:interact_with_crafting_table":1,"minecraft:fly_one_cm":76722,"minecraft:crouch_one_cm":916,"minecraft:play_time":37827,"minecraft:deaths":1,"minecraft:sneak_time":259,"minecraft:jump":408,"minecraft:leave_game":10,"minecraft:walk_on_water_one_cm":241,"minecraft:time_since_death":18807,"minecraft:total_world_time":37827,"minecraft:fall_one_cm":19431},"minecraft:crafted":{"minecraft:oak_planks":16,"minecraft:crafting_table":1,"minecraft:furnace":1},"minecraft:used":{"minecraft:stone_sword":18,"minecraft:stone_shovel":17,"minecraft:stone_pickaxe":18,"minecraft:stone_axe":8,"minecraft:crafting_table":1,"minecraft:furnace":1}},"DataVersion":3465}