{"stats":{"minecraft:custom":{"minecraft:time_since_rest":1553,"minecraft:damage_taken":240,"minecraft:crouch_one_cm":336,"minecraft:play_time":20551,"minecraft:deaths":1,"minecraft:sprint_one_cm":35132,"minecraft:walk_one_cm":18330,"minecraft:sneak_time":80,"minecraft:mob_kills":3,"minecraft:jump":226,"minecraft:damage_dealt":240,"minecraft:leave_game":7,"minecraft:time_since_death":1531,"minecraft:walk_on_water_one_cm":241,"minecraft:total_world_time":20551,"minecraft:fall_one_cm":12142,"minecraft:fly_one_cm":49589},"minecraft:picked_up":{"minecraft:feather":4,"minecraft:stone_sword":1,"minecraft:chicken":2,"minecraft:stone_shovel":1,"minecraft:stone_axe":1,"minecraft:leather":4,"minecraft:beef":6,"minecraft:stone_pickaxe":1,"minecraft:oak_log":4},"minecraft:used":{"minecraft:stone_axe":5,"minecraft:stone_sword":9},"minecraft:mined":{"minecraft:oak_log":4,"minecraft:grass":1,"minecraft:rose_bush":1,"minecraft:fire":6,"minecraft:oak_leaves":8},"minecraft:killed":{"minecraft:chicken":1,"minecraft:cow":2}},"DataVersion":3465}