{"stats":{"minecraft:killed":{"minecraft:chicken":1,"minecraft:cow":2},"minecraft:picked_up":{"minecraft:beef":3,"minecraft:feather":2,"minecraft:chicken":1,"minecraft:leather":2},"minecraft:used":{"minecraft:stone_sword":5},"minecraft:custom":{"minecraft:jump":25,"minecraft:time_since_rest":2410,"minecraft:damage_dealt":240,"minecraft:leave_game":2,"minecraft:play_time":2410,"minecraft:sprint_one_cm":5777,"minecraft:time_since_death":2410,"minecraft:walk_one_cm":2511,"minecraft:total_world_time":2410,"minecraft:mob_kills":3,"minecraft:fall_one_cm":1107,"minecraft:fly_one_cm":4370}},"DataVersion":3465}