{"stats":{"minecraft:picked_up":{"minecraft:feather":4,"minecraft:chicken":2,"minecraft:leather":4,"minecraft:oak_log":4,"minecraft:dirt":16,"minecraft:bone":2,"minecraft:stone_sword":1,"minecraft:arrow":3,"minecraft:stone_shovel":1,"minecraft:stone_axe":1,"minecraft:beef":7,"minecraft:stone_pickaxe":1,"minecraft:black_wool":1,"minecraft:mutton":2,"minecraft:white_wool":1,"minecraft:cobblestone":17,"minecraft:oxeye_daisy":13},"minecraft:killed":{"minecraft:sheep":2,"minecraft:skeleton":2,"minecraft:zombie":1,"minecraft:chicken":1,"minecraft:cow":3},"minecraft:killed_by":{"minecraft:skeleton":1},"minecraft:mined":{"minecraft:fire":6,"minecraft:birch_leaves":1,"minecraft:grass":2,"minecraft:grass_block":4,"minecraft:oak_log":4,"minecraft:rose_bush":1,"minecraft:dirt":12,"minecraft:stone":17,"minecraft:oxeye_daisy":12,"minecraft:oak_leaves":14},"minecraft:custom":{"minecraft:time_since_rest":6731,"minecraft:interact_with_furnace":1,"minecraft:sprint_one_cm":65857,"minecraft:damage_taken":700,"minecraft:walk_one_cm":42838,"minecraft:mob_kills":9,"minecraft:damage_dealt":970,"minecraft:swim_one_cm":2112,"minecraft:interact_with_crafting_table":1,"minecraft:fly_one_cm":86007,"minecraft:crouch_one_cm":916,"minecraft:play_time":49827,"minecraft:deaths":2,"minecraft:sneak_time":259,"minecraft:walk_under_water_one_cm":588,"minecraft:jump":499,"minecraft:leave_game":10,"minecraft:walk_on_water_one_cm":1480,"minecraft:time_since_death":2928,"minecraft:total_world_time":49827,"minecraft:fall_one_cm":21803},"minecraft:crafted":{"minecraft:oak_planks":16,"minecraft:crafting_table":1,"minecraft:furnace":1},"minecraft:used":{"minecraft:stone_sword":22,"minecraft:stone_shovel":17,"minecraft:stone_pickaxe":18,"minecraft:stone_axe":10,"minecraft:crafting_table":1,"minecraft:furnace":1}},"DataVersion":3465}