{"stats":{"minecraft:picked_up":{"minecraft:feather":1,"minecraft:chicken":1},"minecraft:killed":{"minecraft:chicken":1},"minecraft:mined":{"minecraft:birch_leaves":9},"minecraft:custom":{"minecraft:jump":31,"minecraft:time_since_rest":6043,"minecraft:sprint_one_cm":29,"minecraft:damage_dealt":80,"minecraft:crouch_one_cm":63,"minecraft:damage_taken":160,"minecraft:leave_game":3,"minecraft:play_time":6043,"minecraft:time_since_death":6043,"minecraft:walk_one_cm":13892,"minecraft:sneak_time":11,"minecraft:total_world_time":6043,"minecraft:mob_kills":1,"minecraft:fly_one_cm":610},"minecraft:used":{"minecraft:stone_sword":1}},"DataVersion":3465}