{"stats":{"minecraft:killed":{"minecraft:chicken":1},"minecraft:custom":{"minecraft:jump":10,"minecraft:time_since_rest":2581,"minecraft:damage_dealt":60,"minecraft:crouch_one_cm":32,"minecraft:leave_game":2,"minecraft:play_time":2581,"minecraft:time_since_death":2581,"minecraft:walk_one_cm":3769,"minecraft:sneak_time":4,"minecraft:total_world_time":2581,"minecraft:mob_kills":1},"minecraft:picked_up":{"minecraft:feather":1,"minecraft:chicken":1},"minecraft:used":{"minecraft:stone_sword":1}},"DataVersion":3465}