{"stats":{"minecraft:picked_up":{"minecraft:birch_log":4,"minecraft:feather":1,"minecraft:chicken":1,"minecraft:netherrack":3,"minecraft:string":2,"minecraft:egg":1},"minecraft:killed":{"minecraft:spider":1,"minecraft:skeleton":1,"minecraft:zombie":1,"minecraft:bee":1,"minecraft:chicken":1},"minecraft:mined":{"minecraft:birch_log":6,"minecraft:birch_leaves":9,"minecraft:netherrack":5},"minecraft:killed_by":{"minecraft:skeleton":3,"minecraft:spider":1},"minecraft:custom":{"minecraft:open_chest":1,"minecraft:time_since_rest":7238,"minecraft:crouch_one_cm":63,"minecraft:deaths":4,"minecraft:sprint_one_cm":9144,"minecraft:play_time":17009,"minecraft:damage_taken":1015,"minecraft:walk_one_cm":28267,"minecraft:sneak_time":51,"minecraft:walk_under_water_one_cm":5118,"minecraft:mob_kills":5,"minecraft:jump":94,"minecraft:damage_dealt":855,"minecraft:leave_game":4,"minecraft:walk_on_water_one_cm":256,"minecraft:time_since_death":7216,"minecraft:total_world_time":17009,"minecraft:swim_one_cm":8851,"minecraft:fall_one_cm":2187,"minecraft:fly_one_cm":43066},"minecraft:crafted":{"minecraft:birch_planks":16},"minecraft:used":{"minecraft:stone_axe":6,"minecraft:stone_sword":16,"minecraft:flint_and_steel":2,"minecraft:tnt":1,"minecraft:stone_pickaxe":5}},"DataVersion":3465}